title,post_url,polarity,subjectivity
My roommate smells horrendous,/r/college/comments/1i3jseo/my_roommate_smells_horrendous/,0.0,0.0
My roommate and I silently fight over the thermostat,/r/college/comments/1i357u8/my_roommate_and_i_silently_fight_over_the/,0.0,0.1
I just got a new roommate and he’s 45 years old.,/r/college/comments/1i28ka7/i_just_got_a_new_roommate_and_hes_45_years_old/,0.11818181818181818,0.32727272727272727
Random Roommate Sophomore Year,/r/college/comments/1i32jfr/random_roommate_sophomore_year/,-0.5,0.5
Housing Dilemma,/r/college/comments/1i2g8z1/housing_dilemma/,0.0,0.0
Is it unfair for a professor to give students drastically different dates for the same presentations?,/r/college/comments/1hzp1jk/is_it_unfair_for_a_professor_to_give_students/,-0.16666666666666666,0.5750000000000001
Our dorm heater is thumping in the night and our school won’t help,/r/college/comments/1i0euro/our_dorm_heater_is_thumping_in_the_night_and_our/,0.0,0.0
Is it possible to get an apartment during college as a full-time student with a part-time job?,/r/college/comments/1hz4cv6/is_it_possible_to_get_an_apartment_during_college/,0.0,1.0
"If I drop out of my program and school, what happens with financial aid, and does it negatively impact me for future loans, or look bad to a different school?",/r/college/comments/1hydeg1/if_i_drop_out_of_my_program_and_school_what/,-0.19999999999999996,0.3583333333333333
How many of you pay for rent?,/r/college/comments/1hxu65y/how_many_of_you_pay_for_rent/,0.5,0.5
Resident Assistant position just opened and I’m considering it,/r/college/comments/1hy078j/resident_assistant_position_just_opened_and_im/,0.0,0.0
How many of you are asked to pay rent by your parents?,/r/college/comments/1hxmdzp/how_many_of_you_are_asked_to_pay_rent_by_your/,0.5,0.5
Dorm Beds,/r/college/comments/1hxymu6/dorm_beds/,0.0,0.0
I live half an hour from home. Should I get an apartment or commute?,/r/college/comments/1hxsy6z/i_live_half_an_hour_from_home_should_i_get_an/,-0.015151515151515152,0.3333333333333333
About to start my final semester but got informed by landlord I have to move. Has anyone moved while still in college?,/r/college/comments/1hxdb31/about_to_start_my_final_semester_but_got_informed/,0.0,1.0
Roommate weirded me out in initial meeting - what to do,/r/college/comments/1hwytut/roommate_weirded_me_out_in_initial_meeting_what/,0.0,0.0
Dorming Question and possible adhd?,/r/college/comments/1hxa5y3/dorming_question_and_possible_adhd/,0.0,1.0
Should I keep my major or change it to different major?,/r/college/comments/1hw5m3n/should_i_keep_my_major_or_change_it_to_different/,0.041666666666666664,0.5333333333333333
